Description|from_url|to_url|flags
No description|^(?i)churches/?$|https://info.classicalconversations.com/churchesandpastorappreciation| [R=301, L]|
No description|^(?i)cc101.html/?$|/| [R=301, L]|
No description|^(?i)cc-connected/guest/articles/349-creationsmodernbio.html/?$|/blog/| [R=301, L]|
No description|^(?i)registered/?$|https://classicalconversations.com/events?| [R=301, L]|
No description|^(?i)component/ccfilesharing/?$|https://classicalconversations.com/blog?| [R=301, L]|
No description|^(?i)iahe-start/?$|https://info.classicalconversations.com/iahe-start| [R=301, L]|
No description|^(?i)wy-enroll/?$|https://info.classicalconversations.com/kindergarten-through-college-credit-enroll-today-wy| [R=301, L]|
No description|^(?i)co-kids/?$|https://info.classicalconversations.com/co-kids-jan| [R=301, L]|
No description|^(?i)ghc-together/?$|https://info.classicalconversations.com/ghc-together| [R=301, L]|
No description|^(?i)pastor/?$|https://info.classicalconversations.com/churchesandpastorappreciation| [R=301, L]|
No description|^(?i)cc-sm-learn-more/?$|https://info.classicalconversations.com/cc-main-landing-page-2| [R=301, L]|
No description|^(?i)chap-together/?$|https://info.classicalconversations.com/chap-together| [R=301, L]|
No description|^(?i)directors/?$|https://info.classicalconversations.com/directing| [R=302, L]|
No description|^(?i)gocc/?$|https://info.classicalconversations.com/gocc| [R=301, L]|
No description|^(?i)ccema-review/?$|https://info.classicalconversations.com/ccema-review| [R=301, L]|
No description|^(?i)word-today/?$|https://info.classicalconversations.com/word-players-together| [R=301, L]|
No description|^(?i)okc-start/?$|https://info.classicalconversations.com/okc-knights-start| [R=301, L]|
No description|^(?i)tos-together/?$|https://info.classicalconversations.com/tos-together| [R=301, L]|
No description|^(?i)ghex-enroll/?$|https://info.classicalconversations.com/ghex-enroll| [R=301, L]|
No description|^(?i)challenge-a/?$|https://classicalconversations.com/programs/challenge/challenge-a/| [R=301, L]|
No description|^(?i)challenge-b/?$|https://classicalconversations.com/programs/challenge/challenge-b/| [R=301, L]|
No description|^(?i)academic-programs/9-foundations-programs.html/?$|https://classicalconversations.com/programs/foundations/| [R=301, L]|
No description|^(?i)academic-programs/essentials-program-4th-6th/?$|https://classicalconversations.com/programs/essentials/| [R=301, L]|
No description|^(?i)academic-programs/essentials.html/?$|https://classicalconversations.com/programs/essentials/| [R=301, L]|
No description|^(?i)academic-programs/foundations-program-k4-6th/?$|https://classicalconversations.com/programs/foundations/| [R=301, L]|
No description|^(?i)academic-programs/foundations.html/?$|https://classicalconversations.com/programs/foundations/| [R=301, L]|
No description|^(?i)cc101/9.html/?$|/| [R=301, L]|
No description|^(?i)ccconected/guest/articles.html/?$|/blog/| [R=301, L]|
No description|^(?i)ccconected/guest/articles/390-gettingorganizedgarlandsofhosannas.html/?$|/blog/| [R=301, L]|
No description|^(?i)CCPressRoom.html/?$|/| [R=301, L]|
No description|^(?i)Challenge.html/?$|/programs/challenge/| [R=301, L]|
No description|^(?i)components/com_bca-rss-syndicator/feed/feed1.xml/?$|/blog/| [R=301, L]|
No description|^(?i)Foundations.html/?$|/programs/foundations/| [R=301, L]|
No description|^(?i)Essentials.html/?$|/programs/essentials/| [R=301, L]|
No description|^(?i)guest/classical-conversations-connected-community/?$|/community-search/| [R=301, L]|
No description|^(?i)guest/public-library/?$|/start-here/| [R=301, L]|
No description|^(?i)info-meetings/monthcalendar/2012/02/23/24/?$|/community-search/| [R=301, L]|
No description|^(?i)north-carolina-classical-christian-homeschool.html/?$|/start-here/| [R=301, L]|
No description|^(?i)pipermail/sms_classicalconversations.com/2014-June/000359.html/?$|/start-here/| [R=301, L]|
No description|^(?i)watermelonwp-content/uploads/2013/12/CC_Explained_PromoVersion2.m4v/?$|/start-here/| [R=301, L]|
No description|^(?i)welcome/?$|/about/| [R=301, L]|
No description|^(?i)cc101/foundations.html/?$|/programs/foundations/| [R=301, L]|
No description|^(?i)gibbens/?$|https://info.classicalconversations.com/gibbens| [R=301, L]|
refund policy redirect 1/16 |^(?i)refunds/?$|https://classicalconversationsbooks.com/policies/refund-policy| [R=301, L]|
Updated towards events on cc 1/22 |^(?i)calendar/event/30405/?$|/events/| [R=301, L]|
Updated towards events on cc 1/22 |^(?i)top-five-reasons-to-study-latin/article/?$|https://members.classicalconversations.com/article/preparing-next-years-latin-class/| [R=301, L]|
Updated towards events on cc 1/22 |^(?i)guest/cc-connected/?$|https://members.classicalconversations.com/free-learning-center| [R=301, L]|
Updated towards events on cc 1/22 |^(?i)ccfaq/?$|https://classical-conversations.helpscoutdocs.com/| [R=301, L]|
omit query string 1/22 and cc practicum easy blog redirect must stay above easyblog to blog redirect|^(?i)easyblog/a-beginning-glossary-of-terms-for-classical-education/?$|https://ccpracticum.com/cc-lingo/| [R=301, L]|
omit query string 1/22 and cc practicum easy blog redirect must stay above easyblog to blog redirect|^(?i)easyblog/|https://classicalconversations.com/blog| [R=301, L]|
Updated towars CC Practicum Site 1-15 |^(?i)3-day-practicums/icalrepeatdetail/2012/04/26/12015/27/indianapolis-in-3-day-practicum/?$|https://ccpracticum.com/| [R=301, L]|
Updated towars CC Practicum Site 1-15 |^(?i)3-day-practicums/icalrepeatdetail/2012/06/28/12255/27/tallahassee-fl-3-day-practicum/?$|https://ccpracticum.com/| [R=301, L]|
Updated towars CC Practicum Site 1-15 |^(?i)3-day-practicums/icalrepeatdetail/2013/07/29/17153/27/albany-or-3-day-practicum/?$|https://ccpracticum.com/| [R=301, L]|
Updated towars CC Practicum Site 1-15 |^(?i)3-day-practicums/monthcalendar/2012/02/23/27/?$|https://ccpracticum.com/| [R=301, L]|
Updated towars CC Practicum Site 1-15 |^(?i)community/practicums/parent-conferences/?$|https://ccpracticum.com/| [R=301, L]|
No description|^(?i)leaderlife-together/?$|https://info.classicalconversations.com/leaderlife-together| [R=302, L]|
No description|^(?i)chea-together/?$|https://info.classicalconversations.com/chea-together| [R=302, L]|
No description|^(?i)homegrown/?$|https://info.classicalconversations.com/homegrown| [R=302, L]|
No description|^(?i)home-together/?$|https://info.classicalconversations.com/home-together| [R=302, L]|
No description|^(?i)learnmore/?$|https://info.classicalconversations.com/cc-main-landing-page| [R=302, L]|
No description|^(?i)bcf/?$|https://info.classicalconversations.com/bcf| [R=302, L]|
No description|^(?i)covid/?$|https://info.classicalconversations.com/covid19| [R=302, L]|
No description|^(?i)covid19/?$|https://info.classicalconversations.com/covid19| [R=302, L]|
No description|^(?i)tos-read/?$|https://info.classicalconversations.com/tos-read-summer-2020| [R=302, L]|
No description|^(?i)idaho-community/?$|https://info.classicalconversations.com/idaho-community| [R=302, L]|
No description|^(?i)afhe-community/?$|https://info.classicalconversations.com/afhe-community| [R=302, L]|
No description|^(?i)explorers/?$|https://info.classicalconversations.com/explorers| [R=302, L]|
No description|^(?i)afhe-homeschool/?$|https://info.classicalconversations.com/afhe-homeschooling||
No description|^(?i)hslda-discount/?$|https://membership.hslda.org/?GiftMembershipCode=CCP19ANSNB| [R=302, L]|
No description|^(?i)fall2020/?$|https://info.classicalconversations.com/fall2020| [R=302, L]|
No description|^(?i)nche/?$|https://info.classicalconversations.com/nche| [R=302, L]|
No description|^(?i)host/?$|https://info.classicalconversations.com/churchesandpastorappreciation| [R=302, L]|
No description|^(?i)new-fl/?$|https://info.classicalconversations.com/new-fl| [R=302, L]|
No description|^(?i)ccc/?$|https://info.classicalconversations.com/ccconnected-e-zine| [R=302, L]|
No description|^(?i)heav-conf/?$|https://info.classicalconversations.com/heav-conference| [R=302, L]|
No description|^(?i)liberty/?$|https://info.classicalconversations.com/liberty| [R=302, L]|
No description|^(?i)fireside/?$|https://info.classicalconversations.com/fireside| [R=302, L]|
No description|^(?i)enough/?$|https://vimeo.com/455974497/972f6b039a| [R=302, L]|
No description|^(?i)alldone/?$|https://vimeo.com/455974819/f96fba236d| [R=302, L]|
No description|^(?i)unique/?$|https://vimeo.com/455974412/39936f2dad| [R=302, L]|
No description|^(?i)messup/?$|https://vimeo.com/455974371/58bb51fe6b||
No description|^(?i)working/?$|https://vimeo.com/455974215/fd38898874| [R=302, L]|
No description|^(?i)ezine/?$|https://classicalconversations.com/ccc| [R=302, L]|
No description|^(?i)fightlaugh/?$|https://info.classicalconversations.com/fightlaugh| [R=302, L]|
No description|^(?i)calendar/?$|https://classicalconversations.com/events/| [R=302, L]|
No description|^(?i)hts/?$|https://homeschooltestingservices.com/| [R=302, L]|
No description|^(?i)nmm/?$|https://classicalconversations.com/national-memory-master-competition/| [R=302, L]|
No description|^(?i)memorymaster/?$|https://classicalconversations.com/national-memory-master-competition/| [R=302, L]|
No description|^(?i)WhyStudyLatin/?$|https://www.youtube.com/watch?v=DmBahbIkkB4&feature=youtu.be| [R=302, L]|
No description|^(?i)church/?$|https://info.classicalconversations.com/churchesandpastorappreciation| [R=302, L]|
No description|^(?i)n2k/?$|https://nationalnumberknockout.com/| [R=302, L]|
No description|^(?i)hsc/?$|https://www.homeschoolcounselor.net/| [R=302, L]|
No description|^(?i)book-club/?$|https://members.classicalconversations.com/classical/classical-education/cc-podcast-channel/book-club-podcast-channel| [R=302, L]|
No description|^(?i)ccconnected/?$|https://members.classicalconversations.com/connected| [R=302, L]|
No description|^(?i)ccplus/?$|https://classicalconversationsplus.com/| [R=302, L]|
No description|^(?i)catalog/?$|https://classicalconversationsbooks.com/pages/2023-shoppable-catalog| [R=302, L]|
No description|^(?i)ee/?$|https://members.classicalconversations.com/EverydayEducator| [R=302, L]|
No description|^(?i)youtube/?$|https://www.youtube.com/user/ClassicalConv| [R=302, L]|
No description|^(?i)newsletter/?$|https://info.classicalconversations.com/parent-newsletters| [R=302, L]|
No description|^(?i)liberty6mo/?$|https://info.classicalconversations.com/liberty6mo| [R=302, L]|
No description|^(?i)social/?$|https://vimeo.com/455974589/2c43ecaa66||
No description|^(?i)dadsguide/?$|https://classicalconversationsbooks.com/products/dads-guide-to-classical-education| [R=302, L]|
No description|^(?i)pnwc2020/?$|https://info.classicalconversations.com/pnwc2020||
No description|^(?i)protocol/?$|https://classicalconversations.com/what-is-protocol/||
No description|^(?i)testimony/?$|https://vimeo.com/455974589/2c43ecaa66| [R=302, L]|
No description|^(?i)celebration/?$|https://members.classicalconversations.com/capstonecruise||
No description|^(?i)summit/?$|https://info.classicalconversations.com/summit||
No description|^(?i)bethepeople/?$|https://info.classicalconversations.com/bethepeople||
No description|^(?i)bethepeople2/?$|https://info.classicalconversations.com/bethepeople2| [R=302, L]|
No description|^(?i)bethepeople3/?$|https://info.classicalconversations.com/bethepeople3| [R=302, L]|
No description|^(?i)bethepeople4/?$|https://info.classicalconversations.com/bethepeople4| [R=302, L]|
No description|^(?i)bethepeople-radio/?$|https://info.classicalconversations.com/bethepeople-radio| [R=302, L]|
No description|^(?i)heav-nov2020/?$|https://info.classicalconversations.com/heav-nov2020||
No description|^(?i)e5/?$|https://info.classicalconversations.com/e5| [R=302, L]|
No description|^(?i)leadership/?$|https://info.classicalconversations.com/directing| [R=302, L]|
No description|^(?i)hslda2021/?$|https://info.classicalconversations.com/hslda2021| [R=302, L]|
No description|^(?i)star991/?$|https://info.classicalconversations.com/star991| [R=302, L]|
No description|^(?i)homeschooling-internationally/?$|https://ccinternationalonline.com/| [R=302, L]|
No description|^(?i)fpea2020/?$|https://info.classicalconversations.com/fpea2020| [R=302, L]|
No description|^(?i)online-information-meetings/?$|https://members.classicalconversations.com/global-event-listing| [R=302, L]|
No description|^(?i)heav-jan2021/?$|https://info.classicalconversations.com/heav-jan2021| [R=302, L]|
No description|^(?i)piercingword/?$|https://info.classicalconversations.com/piercingword| [R=302, L]|
No description|^(?i)oldschoolhouse/?$|https://info.classicalconversations.com/oldschoolhouse| [R=302, L]|
No description|^(?i)ohio/?$|https://info.classicalconversations.com/ohio| [R=302, L]|
No description|^(?i)kentucky/?$|http://info.classicalconversations.com/kentucky| [R=302, L]|
No description|^(?i)texas/?$|http://info.classicalconversations.com/texas| [R=302, L]|
No description|^(?i)michigan/?$|http://info.classicalconversations.com/michigan| [R=302, L]|
No description|^(?i)indiana/?$|http://info.classicalconversations.com/indiana| [R=302, L]|
No description|^(?i)heav-feb2021/?$|http://info.classicalconversations.com/heav-feb2021| [R=302, L]|
No description|^(?i)tl-usa/?$|https://info.classicalconversations.com/tl-usa| [R=302, L]|
No description|^(?i)2021fpea/?$|https://info.classicalconversations.com/2021fpea| [R=302, L]|
No description|^(?i)ahg/?$|https://info.classicalconversations.com/ahg| [R=302, L]|
No description|^(?i)ca-capitol-day/?$|https://info.classicalconversations.com/chea-fpm-leadership-director| [R=302, L]|
No description|^(?i)wte-balletmagnificat/?$|https://info.classicalconversations.com/wte-balletmagnificat| [R=302, L]|
No description|^(?i)ah-girls/?$|https://info.classicalconversations.com/ah-girls| [R=302, L]|
No description|^(?i)kids-country/?$|https://info.classicalconversations.com/kids-country| [R=302, L]|
No description|^(?i)equips/?$|https://info.classicalconversations.com/equips| [R=302, L]|
No description|^(?i)2021-TTD/?$|https://info.classicalconversations.com/2021-ttd| [R=302, L]|
No description|^(?i)2021-GHC/?$|https://info.classicalconversations.com/2021-ghc| [R=302, L]|
No description|^(?i)christian-heritage/?$|https://info.classicalconversations.com/christian-heritage| [R=302, L]|
No description|^(?i)ccf/?$|https://info.classicalconversations.com/ccf| [R=302, L]|
No description|^(?i)hslda-cr/?$|https://info.classicalconversations.com/hslda-cr| [R=302, L]|
No description|^(?i)afhe/?$|http://info.classicalconversations.com/afhe| [R=302, L]|
No description|^(?i)ttd-nashville-tn/?$|https://info.classicalconversations.com/ttd-nashville-tn| [R=302, L]|
No description|^(?i)sidneysun/?$|https://info.classicalconversations.com/sidneysun| [R=302, L]|
No description|^(?i)greaterbakersfield/?$|https://info.classicalconversations.com/greaterbakersfield| [R=302, L]|
No description|^(?i)ttd-rogers-ak/?$|https://info.classicalconversations.com/ttd-rogers-ak| [R=302, L]|
No description|^(?i)ttd-roundrock-tx/?$|https://info.classicalconversations.com/ttd-roundrock-tx| [R=302, L]|
No description|^(?i)ghc-greenville-sc/?$|https://info.classicalconversations.com/ghc-greenville-sc| [R=302, L]|
No description|^(?i)ghc-stcharles-mo/?$|https://info.classicalconversations.com/ghc-stcharles-mo| [R=302, L]|
No description|^(?i)ghc-ontario-ca/?$|https://info.classicalconversations.com/ghc-ontario-ca| [R=302, L]|
No description|^(?i)ghc-roundrock-tx/?$|https://info.classicalconversations.com/ghc-roundrock-tx| [R=302, L]|
No description|^(?i)ghc-jacksonville-fl/?$|https://info.classicalconversations.com/ghc-jacksonville-fl| [R=302, L]|
No description|^(?i)ghc-rochester-ny/?$|https://info.classicalconversations.com/ghc-rochester-ny| [R=302, L]|
No description|^(?i)ghc-cincinnati-oh/?$|https://info.classicalconversations.com/ghc-cincinnati-oh| [R=302, L]|
No description|^(?i)k-collegecredit/?$|https://info.classicalconversations.com/k-collegecredit| [R=302, L]|
No description|^(?i)masshope-together/?$|https://info.classicalconversations.com/masshope-together-2021| [R=302, L]|
No description|^(?i)elpasohomeschool/?$|https://info.classicalconversations.com/elpasohomeschool| [R=302, L]|
No description|^(?i)heat/?$|https://info.classicalconversations.com/heat| [R=302, L]|
No description|^(?i)afhe-convention/?$|https://info.classicalconversations.com/afhe-convention| [R=302, L]|
No description|^(?i)proactbill/?$|https://info.classicalconversations.com/proactbill| [R=302, L]|
No description|^(?i)2021-heav/?$|https://info.classicalconversations.com/2021-heav| [R=302, L]|
No description|^(?i)idaho-2021/?$|https://info.classicalconversations.com/idaho-2021| [R=302, L]|
No description|^(?i)checaprileblast/?$|https://info.classicalconversations.com/checaprileblast| [R=302, L]|
No description|^(?i)2021-bcfe/?$|https://info.classicalconversations.com/2021-bcfe| [R=302, L]|
No description|^(?i)2021-nche/?$|https://info.classicalconversations.com/2021-nche| [R=302, L]|
No description|^(?i)2021-cfhe/?$|https://info.classicalconversations.com/2021-cfhe| [R=302, L]|
No description|^(?i)cc2021/?$|https://info.classicalconversations.com/cc2021| [R=302, L]|
No description|^(?i)2021_thsc/?$|https://info.classicalconversations.com/2021_thsc| [R=302, L]|
No description|^(?i)2021-homeconvention-eblast/?$|https://info.classicalconversations.com/2021-homeconvention-eblast| [R=302, L]|
No description|^(?i)pacific-northwest/?$|https://info.classicalconversations.com/pacific-northwest| [R=302, L]|
No description|^(?i)ttd-sandusky-oh/?$|https://info.classicalconversations.com/ttd-sandusky-oh| [R=302, L]|
No description|^(?i)niche-2021/?$|https://info.classicalconversations.com/niche-2021| [R=302, L]|
No description|^(?i)explorers-cr/?$|https://info.classicalconversations.com/explorers-cr| [R=302, L]|
No description|^(?i)thebridge/?$|https://info.classicalconversations.com/thebridge| [R=302, L]|
No description|^(?i)k-12-today/?$|https://info.classicalconversations.com/k-12-today| [R=302, L]|
No description|^(?i)k-12-now/?$|https://info.classicalconversations.com/k-12-now| [R=302, L]|
No description|^(?i)delawarestatefair/?$|https://info.classicalconversations.com/delawarestatefair| [R=302, L]|
No description|^(?i)withywindle/?$|https://info.classicalconversations.com/withywindle| [R=302, L]|
No description|^(?i)dedonato-banner/?$|https://info.classicalconversations.com/dedonato-banner| [R=302, L]|
No description|^(?i)learn/?$|https://info.classicalconversations.com/learn| [R=302, L]|
No description|^(?i)faith-for-culture/?$|https://info.classicalconversations.com/faith-for-culture| [R=302, L]|
No description|^(?i)cohort-interest/?$|https://info.classicalconversations.com/cohort-interest| [R=302, L]|
No description|^(?i)hslda-leader/?$|https://info.classicalconversations.com/hslda-leader| [R=302, L]|
No description|^(?i)circe-2021/?$|https://info.classicalconversations.com/circe-2021| [R=302, L]|
No description|^(?i)rugby-robert/?$|https://info.classicalconversations.com/rugby-robert| [R=302, L]|
No description|^(?i)gec/?$|https://info.classicalconversations.com/gec| [R=302, L]|
No description|^(?i)2021-momcon/?$|https://info.classicalconversations.com/2021-momcon| [R=302, L]|
No description|^(?i)2021-flf/?$|https://info.classicalconversations.com/2021-flf| [R=302, L]|
No description|^(?i)2021-hc/?$|https://info.classicalconversations.com/2021-hc| [R=302, L]|
No description|^(?i)you-can/?$|https://info.classicalconversations.com/you-can| [R=302, L]|
No description|^(?i)paideia-nw/?$|https://info.classicalconversations.com/paideia-nw| [R=302, L]|
No description|^(?i)ahg-winter-22/?$|https://info.classicalconversations.com/ahg-winter-22| [R=302, L]|
No description|^(?i)story/?$|https://vimeo.com/594728658| [R=302, L]|
No description|^(?i)2021-motb/?$|https://info.classicalconversations.com/2021-motb| [R=302, L]|
No description|^(?i)lifefirst-va/?$|https://info.classicalconversations.com/lifefirst-va| [R=302, L]|
No description|^(?i)yesyoucan/?$|https://info.classicalconversations.com/yesyoucan| [R=302, L]|
No description|^(?i)benefits/?$|https://info.classicalconversations.com/benefits| [R=302, L]|
No description|^(?i)2021-fl-alliance/?$|https://info.classicalconversations.com/2021-fl-alliance| [R=302, L]|
No description|^(?i)advertising/?$|https://info.classicalconversations.com/advertising| [R=302, L]|
No description|^(?i)community-now/?$|https://info.classicalconversations.com/community-now| [R=302, L]|
No description|^(?i)cc-near-me/?$|https://info.classicalconversations.com/cc-near-me| [R=302, L]|
No description|^(?i)bizkidz-expo-2022/?$|https://info.classicalconversations.com/bizkidz-expo-2022| [R=302, L]|
No description|^(?i)founders-2022/?$|https://info.classicalconversations.com/founders-2022| [R=302, L]|
No description|^(?i)roi/?$|https://sites.google.com/view/life-time-value/home| [R=302, L]|
No description|^(?i)25years/?$|https://info.classicalconversations.com/25years| [R=302, L]|
No description|^(?i)ca-advocate/?$|https://info.classicalconversations.com/ca-advocate| [R=302, L]|
No description|^(?i)ahg-2022/?$|https://info.classicalconversations.com/ahg-2022| [R=302, L]|
No description|^(?i)rocked/?$|https://watch.schoolhouserocked.com/index/cc| [R=302, L]|
No description|^(?i)motb/?$|https://www.museumofthebible.org/classical-conversations-at-museum-of-the-bible| [R=302, L]|
No description|^(?i)chewv/?$|https://info.classicalconversations.com/chewv-2022| [R=302, L]|
No description|^(?i)2022-ttd/?$|https://info.classicalconversations.com/2022-ttd| [R=302, L]|
No description|^(?i)community/?$|https://classicalconversations.com/community-search/| [R=302, L]|
No description|^(?i)practicum/?$|https://ccpracticum.com/| [R=302, L]|
No description|^(?i)conference/?$|https://classicalconversationsfoundation.org/classical-conversations-national-conference/| [R=302, L]|
No description|^(?i)fpea/?$|https://info.classicalconversations.com/fpea-2022| [R=302, L]|
No description|^(?i)director/?$|https://info.classicalconversations.com/directing| [R=302, L]|
No description|^(?i)directing/?$|https://info.classicalconversations.com/directing| [R=302, L]|
No description|^(?i)tos-enroll/?$|https://info.classicalconversations.com/tos-spring-2020| [R=302, L]|
No description|^(?i)foundations/?$|https://classicalconversations.com/programs/foundations/| [R=302, L]|
No description|^(?i)scribbers/?$|https://classicalconversations.com/programs/scribblers/| [R=302, L]|
No description|^(?i)essentials/?$|https://classicalconversations.com/programs/essentials/| [R=302, L]|
No description|^(?i)challenge/?$|https://classicalconversations.com/programs/challenge/| [R=302, L]|
No description|^(?i)challenge-i/?$|https://classicalconversations.com/programs/challenge/challenge-i/| [R=302, L]|
No description|^(?i)challenge-ii/?$|https://classicalconversations.com/programs/challenge/challenge-ii/| [R=302, L]|
No description|^(?i)challenge-iii/?$|https://classicalconversations.com/programs/challenge/challenge-iii/| [R=302, L]|
No description|^(?i)challenge-iv/?$|https://classicalconversations.com/programs/challenge/challenge-iv/| [R=302, L]|
No description|^(?i)master/?$|https://classicalconversationsplus.com/maprogram/| [R=302, L]|
No description|^(?i)masters/?$|https://classicalconversationsplus.com/maprogram/| [R=302, L]|
No description|^(?i)homeschool-preschool-curriculum/?$|https://classicalconversations.com/blog/homeschool-preschool-curriculum/| [R=302, L]|
No description|^(?i)homeschool-curriculum/?$|https://classicalconversations.com/blog/homeschool-curriculum/| [R=302, L]|
No description|^(?i)what-is-common-core-curriculum-and-why-should-you-care/?$|https://classicalconversations.com/blog/what-is-common-core-curriculum/| [R=302, L]|
No description|^(?i)benefits-homeschooling/?$|https://classicalconversations.com/blog/benefits-of-homeschooling/| [R=302, L]|
No description|^(?i)kindergarten-homeschool-curriculum/?$|https://classicalconversations.com/blog/kindergarten-homeschool-curriculum/| [R=302, L]|
No description|^(?i)classical-homeschool-curriculum/?$|https://classicalconversations.com/blog/classical-homeschool-curriculum/| [R=302, L]|
No description|^(?i)best-homeschool-programs/?$|https://classicalconversations.com/blog/best-homeschool-programs/| [R=302, L]|
No description|^(?i)classical-homeschool-curriculum/?$|https://classicalconversations.com/blog/classical-homeschool-curriculum/| [R=302, L]|
No description|^(?i)homeschool-bible-curriculum-with-a-surprising-approach/?$|https://classicalconversations.com/blog/homeschool-bible-curriculum-with-a-surprising-approach/| [R=302, L]|
No description|^(?i)homeschool-science-curriculum-what-options-are-available/?$|https://classicalconversations.com/blog/homeschool-science-curriculum-what-options-are-available/| [R=302, L]|
No description|^(?i)pros-and-cons-of-homeschooling/?$|https://classicalconversations.com/blog/pros-and-cons-of-homeschooling/| [R=302, L]|
No description|^(?i)what-is-rhetoric/?$|https://classicalconversations.com/blog/what-is-rhetoric/| [R=302, L]|
No description|^(?i)saxon-math-for-homeschool-discover-the-benefits-for-your-child/?$|https://classicalconversations.com/blog/saxon-math-for-homeschool-discover-the-benefits-for-your-child/| [R=302, L]|
No description|^(?i)homeschooling-pros-and-cons-is-homeschooling-right-for-your-children/?$|https://classicalconversations.com/blog/homeschooling-pros-and-cons| [R=302, L]|
No description|^(?i)problems-with-common-core-that-need-attention/?$|https://classicalconversations.com/blog/problems-with-common-core-that-need-attention/| [R=302, L]|
No description|^(?i)elements-that-make-up-the-best-homeschool-curriculum/?$|https://classicalconversations.com/blog/elements-that-make-up-the-best-homeschool-curriculum/| [R=302, L]|
No description|^(?i)high-school-homeschool-curriculum/?$|https://classicalconversations.com/blog/high-school-homeschool-curriculum/| [R=302, L]|
No description|^(?i)homeschool-vs-public-school/?$|https://classicalconversations.com/blog/homeschool-vs-public-school/| [R=302, L]|
No description|^(?i)choosing-curriculum/?$|https://classicalconversations.com/blog/choose-homeschool-curriculum/| [R=302, L]|
No description|^(?i)becoming-a-memory-master/?$|https://classicalconversations.com/blog/becoming-a-memory-master/| [R=302, L]|
No description|^(?i)earn-your-master-of-classical-education-degree-big-announcement/?$|https://classicalconversations.com/blog/homeschool-and-earn-your-masters-degree/| [R=302, L]|
No description|^(?i)what-is-protocol/?$|https://classicalconversations.com/blog/what-is-protocol/| [R=302, L]|
No description|^(?i)terms-use/?$|https://classicalconversations.com/terms-of-use/| [R=302, L]|
No description|^(?i)cc-connected-terms-service/?$|https://classicalconversations.com/terms-of-use/| [R=302, L]|
No description|^(?i)privacy-policy/?$|https://classicalconversations.com/cc-privacy-policy/| [R=302, L]|
No description|^(?i)2022-k-12/?$|https://info.classicalconversations.com/2022-k-12| [R=302, L]|
No description|^(?i)shakespeare/?$|https://info.classicalconversations.com/shakespeare| [R=302, L]|
No description|^(?i)thsc-allen-2022/?$|https://info.classicalconversations.com/thsc-allen-2022| [R=302, L]|
No description|^(?i)thsc-woodlands-2022/?$|https://info.classicalconversations.com/thsc-woodlands-2022| [R=302, L]|
No description|^(?i)afhe-2022/?$|https://info.classicalconversations.com/afhe-2022| [R=302, L]|
No description|^(?i)nchethrive-2022/?$|https://info.classicalconversations.com/nchethrive-2022| [R=302, L]|
No description|^(?i)2022-blogs/?$|https://info.classicalconversations.com/2022-blogs| [R=302, L]|
No description|^(?i)2022-heav/?$|https://info.classicalconversations.com/2022-heav| [R=302, L]|
No description|^(?i)we_care1/?$|https://info.classicalconversations.com/we_care1| [R=302, L]|
No description|^(?i)clt/?$|https://info.cltexam.com/classicalconversations?utm_source=classical-conversations&utm_medium=traditional&utm_campaign=jan-2022-practicum-handout| [R=302, L]|
No description|^(?i)2022-ark/?$|https://info.classicalconversations.com/2022-ark| [R=302, L]|
No description|^(?i)heav-contest-2022/?$|https://info.classicalconversations.com/heav-contest-2022| [R=302, L]|
No description|^(?i)sehe-contest-2022/?$|https://info.classicalconversations.com/sehe-contest-2022| [R=302, L]|
No description|^(?i)thrive-2022/?$|https://info.classicalconversations.com/thrive-2022| [R=302, L]|
No description|^(?i)taolc-gutenberg/?$|https://info.classicalconversations.com/taolc-gutenberg| [R=302, L]|
No description|^(?i)rmhc-2022/?$|https://info.classicalconversations.com/rmhc-2022| [R=302, L]|
No description|^(?i)2022-masshope/?$|https://info.classicalconversations.com/2022-masshope| [R=302, L]|
No description|^(?i)2022-chea/?$|https://info.classicalconversations.com/2022-chea| [R=302, L]|
No description|^(?i)2022-hc/?$|https://info.classicalconversations.com/2022-hc| [R=302, L]|
No description|^(?i)2022-indiana/?$|https://info.classicalconversations.com/2022-indiana| [R=302, L]|
No description|^(?i)cross-politic/?$|https://info.classicalconversations.com/cross-politic| [R=302, L]|
No description|^(?i)updates/?$|https://ccconnected.com| [R=302, L]|
No description|^(?i)find-community/?$|https://classicalconversations.com/community-search/| [R=302, L]|
No description|^(?i)idaho-2022/?$|https://info.classicalconversations.com/idaho-2022| [R=302, L]|
No description|^(?i)ocean-waves/?$|https://info.classicalconversations.com/ocean-waves| [R=302, L]|
No description|^(?i)parents-22/?$|https://info.classicalconversations.com/parents-22| [R=302, L]|
No description|^(?i)unity-2022/?$|https://info.classicalconversations.com/unity-2022| [R=302, L]|
No description|^(?i)heritage/?$|https://info.classicalconversations.com/heritage| [R=302, L]|
No description|^(?i)home-learning-22/?$|https://info.classicalconversations.com/home-learning-22| [R=302, L]|
No description|^(?i)ahginspire-2022/?$|https://info.classicalconversations.com/ahginspire-2022| [R=302, L]|
No description|^(?i)scribblers-resource/?$|https://info.classicalconversations.com/scribblers-resource| [R=302, L]|
No description|^(?i)scribbler-resource/?$|https://info.classicalconversations.com/scribblers-resource| [R=302, L]|
No description|^(?i)scribblers-resources/?$|https://info.classicalconversations.com/scribblers-resource| [R=302, L]|
No description|^(?i)scribblers/?$|https://classicalconversations.com/programs/scribblers| [R=302, L]|
No description|^(?i)commencement-2022/?$|https://info.classicalconversations.com/commencement-2022| [R=302, L]|
No description|^(?i)nc-2022/?$|https://info.classicalconversations.com/nc-2022| [R=302, L]|
No description|^(?i)freedomfest-2022/?$|https://info.classicalconversations.com/freedomfest-2022| [R=302, L]|
No description|^(?i)nec-22/?$|https://info.classicalconversations.com/nec-22| [R=302, L]|
No description|^(?i)se-expo/?$|https://info.classicalconversations.com/se-expo| [R=302, L]|
No description|^(?i)unitymusic-2022/?$|https://info.classicalconversations.com/unitymusic-2022| [R=302, L]|
No description|^(?i)testing/?$|https://classicalconversations.com/assessment-options/| [R=302, L]|
No description|^(?i)hslda-leaders-2022/?$|https://info.classicalconversations.com/hslda-leaders-2022| [R=302, L]|
No description|^(?i)parent-program/?$|https://info.classicalconversations.com/ma_program_info?hs_preview=GmnIJsPs-68200326228| [R=302, L]|
 Used when we send emails to our families that are in a disaster area:|^(?i)wecare/?$|https://info.classicalconversations.com/we_care1| [R=302, L]|
 Need to create a friendly url for the 2023 catalog.|^(?i)find-our-founder/?$|https://info.classicalconversations.com/find-our-founder| [R=302, L]|
No description|^(?i)motb/?$|https://www.museumofthebible.org/classical-conversations-at-museum-of-the-bible| [R=302, L]|
Redirects Needed for 2023 Catalog:|^(?i)testimony/?$|https://info.classicalconversations.com/testimony| [R=302, L]|
Redirects Needed for 2023 Catalog:|^(?i)story/?$|https://info.classicalconversations.com/story| [R=302, L]|
Redirects Needed for 2023 Catalog:|^(?i)unique/?$|https://info.classicalconversations.com/unique| [R=302, L]|
Redirects Needed for 2023 Catalog:|^(?i)alldone/?$|https://info.classicalconversations.com/alldone| [R=302, L]|
Redirects Needed for 2023 Catalog:|^(?i)transcripts/?$|https://academicrecords.net/transcript.nsf/| [R=302, L]|
 Creating a social media posts for October, November, January and February, and a dedicated eblast for each month.|^(?i)tos-2022/?$|https://info.classicalconversations.com/tos-2022| [R=302, L]|
 Needed to make it easier to add to their phone:|^(?i)incredible-2022/?$|https://info.classicalconversations.com/incredible-2022| [R=302, L]|
 HSLDA redirect fix to prevent going toward image:|^(?i)hslda/?$|https://info.classicalconversations.com/hslda| [R=302, L]|
 Need to update the landing page to our new lead generating landing page for AHG promotions|^(?i)ahg/?$|https://info.classicalconversations.com/ahg-2022| [R=302, L]|
 Need to have a friendlier url for a print ad. |^(?i)tos-2023/?$|https://info.classicalconversations.com/tos-2023| [R=302, L]|
 Need to include on a printed postcard so need a friendlier url|^(?i)most-incredible/?$|https://info.classicalconversations.com/most-incredible| [R=302, L]|
 Friendly URL for Print Ad|^(?i)hslda-cr-23/?$|https://info.classicalconversations.com/hslda-cr-23| [R=302, L]|
 Print ad needs a friendlier url|^(?i)2023-capitoldays/?$|https://info.classicalconversations.com/2023-capitoldays| [R=302, L]|
 Popular linked url|^(?i)spiritual/?$|https://info.classicalconversations.com/spiritual| [R=302, L]|
 Need a shorter URL for Print Ads:|^(?i)montana/?$|https://info.classicalconversations.com/montana| [R=302, L]|
 Need a shorter URL for Print Ads:|^(?i)hawaii/?$|https://info.classicalconversations.com/hawaii| [R=302, L]|
 Need a shorter URL for Print Ads:|^(?i)alaska/?$|https://info.classicalconversations.com/alaska| [R=302, L]|
 Friendly Print Ads directing to Hubspot: |^(?i)apologetics/?$|https://info.classicalconversations.com/apologetics| [R=302, L]|
 Friendly Print Ads directing to Hubspot: |^(?i)idaho/?$|https://info.classicalconversations.com/Idaho| [R=302, L]|
 Friendly Print Ads directing to Hubspot: |^(?i)ghc/?$|https://info.classicalconversations.com/ghc| [R=302, L]|
 Friendly Print Ads directing to Hubspot: |^(?i)Idaho/?$|https://info.classicalconversations.com/Idaho| [R=302, L]|
 Friendly Print Ads directing to Hubspot: |^(?i)maine/?$|https://info.classicalconversations.com/maine| [R=302, L]|
Friendly URL for Promotion: |^(?i)faithfull/?$|https://info.classicalconversations.com/faithfull| [R=302, L]|
Friendly URL for rest of States:|^(?i)alabama/?$|https://info.classicalconversations.com/alabama| [R=302, L]|
Friendly URL for rest of States:|^(?i)arizona/?$|https://info.classicalconversations.com/arizona| [R=302, L]|
Friendly URL for rest of States:|^(?i)arkansas/?$|https://info.classicalconversations.com/ar| [R=302, L]|
Friendly URL for rest of States:|^(?i)california/?$|https://info.classicalconversations.com/california| [R=302, L]|
Friendly URL for rest of States:|^(?i)colorado/?$|https://info.classicalconversations.com/colorado| [R=302, L]|
Friendly URL for rest of States:|^(?i)connecticut/?$|https://info.classicalconversations.com/connecticut| [R=302, L]|
Friendly URL for rest of States:|^(?i)delaware/?$|https://info.classicalconversations.com/delaware| [R=302, L]|
Friendly URL for rest of States:|^(?i)florida/?$|https://info.classicalconversations.com/florida| [R=302, L]|
Friendly URL for rest of States:|^(?i)georgia/?$|https://info.classicalconversations.com/georgia| [R=302, L]|
Friendly URL for rest of States:|^(?i)illinois/?$|https://info.classicalconversations.com/illinois| [R=302, L]|
Friendly URL for rest of States:|^(?i)indiana/?$|https://info.classicalconversations.com/indiana| [R=302, L]|
Friendly URL for rest of States:|^(?i)iowa/?$|https://info.classicalconversations.com/iowa| [R=302, L]|
Friendly URL for rest of States:|^(?i)kansas/?$|https://info.classicalconversations.com/kansas| [R=302, L]|
Friendly URL for rest of States:|^(?i)kentucky/?$|https://info.classicalconversations.com/kentucky| [R=302, L]|
Friendly URL for rest of States:|^(?i)louisiana/?$|https://info.classicalconversations.com/la| [R=302, L]|
Friendly URL for rest of States:|^(?i)maryland/?$|https://info.classicalconversations.com/maryland| [R=302, L]|
Friendly URL for rest of States:|^(?i)massachusetts/?$|https://info.classicalconversations.com/massachusetts| [R=302, L]|
Friendly URL for rest of States:|^(?i)michigan/?$|https://info.classicalconversations.com/michigan| [R=302, L]|
Friendly URL for rest of States:|^(?i)minnesota/?$|https://info.classicalconversations.com/minnesota| [R=302, L]|
Friendly URL for rest of States:|^(?i)mississippi/?$|https://info.classicalconversations.com/ms| [R=302, L]|
Friendly URL for rest of States:|^(?i)missouri/?$|https://info.classicalconversations.com/mo| [R=302, L]|
Friendly URL for rest of States:|^(?i)nebraska/?$|https://info.classicalconversations.com/nebraska| [R=302, L]|
Friendly URL for rest of States:|^(?i)nevada/?$|https://info.classicalconversations.com/nevada| [R=302, L]|
Friendly URL for rest of States:|^(?i)newhampshire/?$|https://info.classicalconversations.com/newhampshire| [R=302, L]|
Friendly URL for rest of States:|^(?i)newjersey/?$|https://info.classicalconversations.com/newjersey| [R=302, L]|
Friendly URL for rest of States:|^(?i)newmexico/?$|https://info.classicalconversations.com/newmexico| [R=302, L]|
Friendly URL for rest of States:|^(?i)newyork/?$|https://info.classicalconversations.com/newyork| [R=302, L]|
Friendly URL for rest of States:|^(?i)northcarolina/?$|https://info.classicalconversations.com/northcarolina| [R=302, L]|
Friendly URL for rest of States:|^(?i)northdakota/?$|https://info.classicalconversations.com/northdakota| [R=302, L]|
Friendly URL for rest of States:|^(?i)ohio/?$|https://info.classicalconversations.com/ohio| [R=302, L]|
Friendly URL for rest of States:|^(?i)oklahoma/?$|https://info.classicalconversations.com/oklahoma| [R=302, L]|
Friendly URL for rest of States:|^(?i)oregon/?$|https://info.classicalconversations.com/oregon| [R=302, L]|
Friendly URL for rest of States:|^(?i)pennsylvania/?$|https://info.classicalconversations.com/pennsylvania| [R=302, L]|
Friendly URL for rest of States:|^(?i)rhodeisland/?$|https://info.classicalconversations.com/rhodeisland| [R=302, L]|
Friendly URL for rest of States:|^(?i)southcarolina/?$|https://info.classicalconversations.com/southcarolina| [R=302, L]|
Friendly URL for rest of States:|^(?i)southdakota/?$|https://info.classicalconversations.com/southdakota| [R=302, L]|
Friendly URL for rest of States:|^(?i)tennessee/?$|https://info.classicalconversations.com/tn| [R=302, L]|
Friendly URL for rest of States:|^(?i)texas/?$|https://info.classicalconversations.com/texas| [R=302, L]|
Friendly URL for rest of States:|^(?i)utah/?$|https://info.classicalconversations.com/utah| [R=302, L]|
Friendly URL for rest of States:|^(?i)vermont/?$|https://info.classicalconversations.com/vermont| [R=302, L]|
Friendly URL for rest of States:|^(?i)virginia/?$|https://info.classicalconversations.com/virginia| [R=302, L]|
Friendly URL for rest of States:|^(?i)washington/?$|https://info.classicalconversations.com/washington| [R=302, L]|
Friendly URL for rest of States:|^(?i)washingtondc/?$|https://info.classicalconversations.com/washingtondc| [R=302, L]|
Friendly URL for rest of States:|^(?i)westvirginia/?$|https://info.classicalconversations.com/westvirginia| [R=302, L]|
Friendly URL for rest of States:|^(?i)wisconsin/?$|https://info.classicalconversations.com/wisconsin| [R=302, L]|
Friendly URL for rest of States:|^(?i)wyoming/?$|https://info.classicalconversations.com/wyoming| [R=302, L]|
 Friendly URL for Conventions |^(?i)aphea2023/?$|https://info.classicalconversations.com/aphea2023| [R=302, L]|
 Friendly URL for Conventions |^(?i)afhe2023/?$|https://info.classicalconversations.com/afhe2023| [R=302, L]|
 Friendly URL for Conventions |^(?i)bhf2023/?$|https://info.classicalconversations.com/birminghamfair2023| [R=302, L]|
 Friendly URL for Conventions |^(?i)chap2023/?$|https://info.classicalconversations.com/chap2023| [R=302, L]|
 Friendly URL for Conventions |^(?i)csethea2023/?$|https://info.classicalconversations.com/csethea2023| [R=302, L]|
 Friendly URL for Conventions |^(?i)cape2023/?$|https://info.classicalconversations.com/cape2023| [R=302, L]|
 Friendly URL for Conventions |^(?i)cfhe2023/?$|https://info.classicalconversations.com/cfhe2023| [R=302, L]|
 Friendly URL for Conventions |^(?i)ch2023/?$|https://info.classicalconversations.com/christianheritage2023| [R=302, L]|
 Friendly URL for Conventions |^(?i)chec2023/?$|https://info.classicalconversations.com/chec2023| [R=302, L]|
 Friendly URL for Conventions |^(?i)cys2023/?$|https://info.classicalconversations.com/christianyouthsummit2023| [R=302, L]|
 Friendly URL for Conventions |^(?i)chea2023/?$|https://info.classicalconversations.com/chea2023| [R=302, L]|
 Friendly URL for Conventions |^(?i)ee2023/?$|https://info.classicalconversations.com/educationexpo2023| [R=302, L]|
 Friendly URL for Conventions |^(?i)eo2023/?$|https://info.classicalconversations.com/educationoptions2023| [R=302, L]|
 Friendly URL for Conventions |^(?i)elpaso2023/?$|https://info.classicalconversations.com/elpaso2023| [R=302, L]|
 Friendly URL for Conventions |^(?i)fpea2023/?$|https://info.classicalconversations.com/fpea2023| [R=302, L]|
 Friendly URL for Conventions |^(?i)hh2023/?$|https://info.classicalconversations.com/hispanichomeschool2023| [R=302, L]|
 Friendly URL for Conventions |^(?i)heavlead2023/?$|https://info.classicalconversations.com/heavleadership2023| [R=302, L]|
 Friendly URL for Conventions |^(?i)heav2023/?$|https://info.classicalconversations.com/heav2023| [R=302, L]|
 Friendly URL for Conventions |^(?i)he2023/?$|https://info.classicalconversations.com/homeschool2023| [R=302, L]|
 Friendly URL for Conventions |^(?i)hfd2023/?$|https://info.classicalconversations.com/homeschoolfreedomca2023| [R=302, L]|
 Friendly URL for Conventions |^(?i)hsidaho2023/?$|https://info.classicalconversations.com/hsofidaho2023| [R=302, L]|
 Friendly URL for Conventions |^(?i)mache2023/?$|https://info.classicalconversations.com/mache2023| [R=302, L]|
 Friendly URL for Conventions |^(?i)home2023/?$|https://info.classicalconversations.com/homerockport2023| [R=302, L]|
 Friendly URL for Conventions |^(?i)hswy2023/?$|https://info.classicalconversations.com/homeschoolersofwy2023| [R=302, L]|
 Friendly URL for Conventions |^(?i)ICHE2023/?$|https://info.classicalconversations.com/iche2023| [R=302, L]|
 Friendly URL for Conventions |^(?i)INCH2023/?$|https://info.classicalconversations.com/inch2023| [R=302, L]|
 Friendly URL for Conventions |^(?i)IAHE2023/?$|https://info.classicalconversations.com/indianahomeeducators2023| [R=302, L]|
 Friendly URL for Conventions |^(?i)infoIA2023/?$|https://info.classicalconversations.com/informediowa2023| [R=302, L]|
 Friendly URL for Conventions |^(?i)LHSC2023/?$|https://info.classicalconversations.com/lahomeschool2023| [R=302, L]|
 Friendly URL for Conventions |^(?i)LHSLS2023/?$|https://info.classicalconversations.com/lahsleaders2023| [R=302, L]|
 Friendly URL for Conventions |^(?i)MassHOPE2023/?$|https://info.classicalconversations.com/masshope2023| [R=302, L]|
 Friendly URL for Conventions |^(?i)MPE2023/?$|https://info.classicalconversations.com/midwestparenteducators2023| [R=302, L]|
 Friendly URL for Conventions |^(?i)Mbook2023/?$|https://info.classicalconversations.com/mississippibook2023| [R=302, L]|
 Friendly URL for Conventions |^(?i)MHSC2023/?$|https://info.classicalconversations.com/mississippihomeschoolconference2023| [R=302, L]|
 Friendly URL for Conventions |^(?i)NCHEA2023/?$|https://info.classicalconversations.com/nechristianhe2023| [R=302, L]|
 Friendly URL for Conventions |^(?i)NICHE2023/?$|https://info.classicalconversations.com/niche2023| [R=302, L]|
 Friendly URL for Conventions |^(?i)NDHS2023/?$|https://info.classicalconversations.com/ndhomeschoolconvention2023| [R=302, L]|
 Friendly URL for Conventions |^(?i)IDHC2023/?$|https://info.classicalconversations.com/northidahohomeschoolconvention2023| [R=302, L]|
 Friendly URL for Conventions |^(?i)northdale2023/?$|https://info.classicalconversations.com/northdalefamilyfun2023| [R=302, L]|
 Friendly URL for Conventions |^(?i)ocean2023/?$|https://info.classicalconversations.com/ocean2023| [R=302, L]|
 Friendly URL for Conventions |^(?i)RMHC2023/?$|https://info.classicalconversations.com/rockymountain2023| [R=302, L]|
 Friendly URL for Conventions |^(?i)SEE2023/?$|https://info.classicalconversations.com/southeastexpo2023| [R=302, L]|
 Friendly URL for Conventions |^(?i)TTDTN2023/?$|https://info.classicalconversations.com/ttdpigeonforge2023| [R=302, L]|
 Friendly URL for Conventions |^(?i)TTDTX2023/?$|https://info.classicalconversations.com/ttdroundrock2023| [R=302, L]|
 Friendly URL for Conventions |^(?i)THSCallen2023/?$|https://info.classicalconversations.com/thscallen2023| [R=302, L]|
 Friendly URL for Conventions |^(?i)THSCwoodlands2023/?$|https://info.classicalconversations.com/thscwoodlands2023| [R=302, L]|
 Friendly URL for Conventions |^(?i)Gutenberg2023/?$|https://info.classicalconversations.com/theartolearning2023| [R=302, L]|
 Friendly URL for Conventions |^(?i)thriveNCHE2023/?$|https://info.classicalconversations.com/thrivenche2023| [R=302, L]|
 Friendly URL for Conventions |^(?i)TPA2023/?$|https://info.classicalconversations.com/tpa2023| [R=302, L]|
 Friendly URL for Conventions |^(?i)UTCH2023/?$|https://info.classicalconversations.com/UTCH2023| [R=302, L]|
 Leigh has requested that we use "educational freedom" instead of "school vouchers," so in changing everything else we also need to change this slug so that anything that is currently directing to /school-vouchers goes automatically to the rig>|^(?i)school-vouchers/?$|/education-independence/| [R=302, L]|
 Needs to be done before the 20th, Robert is announcing the URL on his monthly update.|^(?i)educationalfreedom/?$|/education-independence/| [R=302, L]|
 Need friendlier url for print|^(?i)dadtired/?$|https://info.classicalconversations.com/dadtired| [R=302, L]|
 Need friendlier urls for print/verbal promotions|^(?i)momtomom/?$|https://info.classicalconversations.com/momtomom| [R=302, L]|
 Need friendlier urls for print/verbal promotions|^(?i)arrows/?$|https://info.classicalconversations.com/arrows| [R=302, L]|
 Need friendlier urls for print/verbal promotions|^(?i)dadjourney/?$|https://info.classicalconversations.com/dadjourney| [R=302, L]|
 Need friendlier urls for print/verbal promotions|^(?i)mess/?$|https://info.classicalconversations.com/mess| [R=302, L]|
 Additional conventions for print marketing|^(?i)nchc2023/?$|http://info.classicalconversations.com/nchc2023| [R=302, L]|
 Additional conventions for print marketing|^(?i)woh2023/?$|https://info.classicalconversations.com/wingsoverhouston2023| [R=302, L]|
 Additional conventions for print marketing|^(?i)paach2023/?$|https://info.classicalconversations.com/paach2023| [R=302, L]|
 Catalog links need to be changed to capital letters. |^(?i)HTS/?$|https://homeschooltestingservices.com| [R=302, L]|
member benefits to relationships|^(?i)member-benefits/?$|/relationships/| [R=302, L]|
 Redirects for CC Foundations: |^(?i)NC2023/?$|https://classicalconversationsfoundation.org/classical-conversations-national-conference/| [R=302, L]|
No description|^(?i)flf/?$|https://info.classicalconversations.com/flf||
No description|^(?i)starthere/?$|https://www.classicalconversations.com/start-here||
 Two new conventions have been added to our Database so we have created landing pages for them in Hubspot. |^(?i)UHE2023/?$|https://info.classicalconversations.com/uhe2023||
 Two new conventions have been added to our Database so we have created landing pages for them in Hubspot. |^(?i)HSC2023/?$|https://info.classicalconversations.com/hsc2023||
 Need Friendly URL for print|^(?i)ccnc/?$|https://info.classicalconversations.com/ccnc| [R=302, L]|
Friendly URL for Promotion: |^(?i)faithful/?$|https://info.classicalconversations.com/faithfull| [R=302, L]|
No description|^(?i)joe/?$|https://info.classicalconversations.com/joe| [R=302, L]|
No description|^(?i)durenda/?$|https://info.classicalconversations.com/durenda| [R=302, L]|
No description|^(?i)joy/?$|https://info.classicalconversations.com/joy| [R=302, L]|
No description|^(?i)comparedtowho/?$|https://info.classicalconversations.com/comparedtowho| [R=302, L]|
 redirects for scribblers leading redirects on podcast external promotions ticket: |^(?i)scribblers-momtomom/?$|https://info.classicalconversations.com/scribblers-momtomom| [R=302, L]|
 redirects for scribblers leading redirects on podcast external promotions ticket: |^(?i)scribblers-mess/?$|https://info.classicalconversations.com/scribblers-mess| [R=302, L]|
 redirects for scribblers leading redirects on podcast external promotions ticket: |^(?i)scribblers-dadtired/?$|https://info.classicalconversations.com/scribblers-dadtired| [R=302, L]|
 redirects for scribblers leading redirects on podcast external promotions ticket: |^(?i)scribblers-dadjourney/?$|https://info.classicalconversations.com/scribblers-dadjourney| [R=302, L]|
 redirects for scribblers leading redirects on podcast external promotions ticket: |^(?i)scribblers-arrows/?$|https://info.classicalconversations.com/scribblers-arrows| [R=302, L]|
 redirects for scribblers leading redirects on podcast external promotions ticket: |^(?i)scribblers-joe/?$|https://info.classicalconversations.com/scribblers-joe| [R=302, L]|
 redirects for scribblers leading redirects on podcast external promotions ticket: |^(?i)scribblers-durenda/?$|https://info.classicalconversations.com/scribblers-durenda| [R=302, L]|
 redirects for scribblers leading redirects on podcast external promotions ticket: |^(?i)scribblers-joy/?$|https://info.classicalconversations.com/scribblers-joy| [R=302, L]|
 redirects for scribblers leading redirects on podcast external promotions ticket: |^(?i)scribblers-comparedtowho/?$|https://info.classicalconversations.com/scribblers-comparedtowho| [R=302, L]|
 redirects for scribblers leading redirects on podcast external promotions ticket: |^(?i)scribblers-faithfull/?$|https://info.classicalconversations.com/scribblers-faithfull| [R=302, L]|
 redirects for scribblers leading redirects on podcast external promotions ticket: |^(?i)scribblers-faithful/?$|https://info.classicalconversations.com/scribblers-faithfull| [R=302, L]|
No description|^(?i)gracefilled/?$|https://info.classicalconversations.com/gracefilled| [R=302, L]|
No description|^(?i)alliance2023/?$|https://info.classicalconversations.com/alliance2023| [R=302, L]|
No description|^(?i)winascribblers/?$|https://info.classicalconversations.com/winascribblers| [R=302, L]|
 $50 contest|^(?i)stoa-contest/?$|https://info.classicalconversations.com/stoa-contest-2023| [R=302, L]|
 $50 contest|^(?i)stoa/?$|https://info.classicalconversations.com/stoa| [R=302, L]|
 friendly URL for print ad|^(?i)powerfulparenting/?$|https://info.classicalconversations.com/powerfulparenting| [R=302, L]|
 Singular events and podcasts need to go to proper page. |^(?i)event/?$|/events/| [R=302, L]|
 Singular events and podcasts need to go to proper page. |^(?i)podcast/?$|/podcasts/| [R=302, L]|
 Conventions Landing Pages with cleaner URL|^(?i)MACHEMD2023/?$|https://info.classicalconversations.com/machemd2023| [R=302, L]|
 Conventions Landing Pages with cleaner URL|^(?i)HSNL2023/?$|https://info.classicalconversations.com/homeschoolnorthland2023| [R=302, L]|
 Conventions Landing Pages with cleaner URL|^(?i)CCE2023/?$|https://info.classicalconversations.com/cce2023| [R=302, L]|
 Need shorter url for print ad|^(?i)scribblers250/?$|https://info.classicalconversations.com/scribbers250| [R=302, L]|
 Need shorter url for print ad|^(?i)tos-scribblers/?$|https://info.classicalconversations.com/tos-scribblers| [R=302, L]|
 2024 catalog redirects: |^(?i)mission/?$|https://vimeo.com/450148040/b9270fd86b| [R=302, L]|
 2024 catalog redirects: |^(?i)connected/?$|https://classicalconversations.com/blog/how-to-get-the-most-out-of-cc-connected| [R=302, L]|
 2024 catalog redirects: |^(?i)ezine/?$|https://info.classicalconversations.com/ccconnected-e-zine| [R=302, L]|
 2024 catalog redirects: |^(?i)ezines/?$|https://info.classicalconversations.com/ccconnected-e-zine| [R=302, L]|
 2024 catalog redirects: |^(?i)ghm/?$|https://classicalconversations.com/blog/global-homeschool-minute| [R=302, L]|
 2024 catalog redirects: |^(?i)inspire/?$|https://vimeo.com/525777203/0f51d87294| [R=302, L]|
 2024 catalog redirects: |^(?i)vision/?$|https://vimeo.com/604869312/bcfcdc22e7| [R=302, L]|
 2024 catalog redirects: |^(?i)values/?$|https://cctest.classicaltesting.net/about/#values| [R=302, L]|
 2024 catalog redirects: |^(?i)persuaded/?$|https://vimeo.com/681044448| [R=302, L]|
 2024 catalog redirects: |^(?i)elijahstory/?$|https://vimeo.com/645298485| [R=302, L]|
 2024 catalog redirects: |^(?i)gradstories/?$|https://vimeo.com/648617431/700fed3474| [R=302, L]|
 2024 catalog redirects: |^(?i)gradpanel/?$|https://vimeo.com/712100512| [R=302, L]|
 Shortened URL off of our main page is used on marketing materials at conventions.|^(?i)freedomca2023/?$|https://info.classicalconversations.com/homeschoolfreedomca2023| [R=302, L]|
 Shortened URL off of our main page is used on marketing materials at conventions.|^(?i)homeschoolfreedomca2023/?$|https://info.classicalconversations.com/homeschoolfreedomca2023| [R=302, L]|
 shortend to redirect to homeschoolfreedom action center.|^(?i)getinvolved/?$|https://homeschoolfreedomactioncenter.com/homeschool-day-at-the-capitols| [R=302, L]|
 For use on printed materials at a sales convention.|^(?i)BHHE2023/?$|https://info.classicalconversations.com/blackhills2023| [R=302, L]|
 Shortened URL for unitymusic.|^(?i)unitymusic/?$|https://info.classicalconversations.com/unitymusic| [R=302, L]|
 Hubspot simpler url redirect.|^(?i)appreciation/?$|https://info.classicalconversations.com/churchesandpastorappreciation| [R=302, L]|
No description|^(?i)CGN2023/?$|https://info.classicalconversations.com/CGN2023| [R=302, L]|
 Redirect for the pantry flyer.|^(?i)pantry/?$|https://classicalconversationsbooks.com/collections/scribblers-product-bundle| [R=302, L]|
 Redirect for Jim Hodges audiobooks.|^(?i)jimhodges/?$|https://classicalconversationsbooks.com/collections/jim-hodges-audiobooks| [R=302, L]|
 2024 Catalog Redirects|^(?i)liberatingarts/?$|https://classicalconversations.com/about/| [R=302, L]|
 2024 Catalog Redirects|^(?i)history/?$|https://classicalconversations.com/about/| [R=302, L]|
 2024 Catalog Redirects|^(?i)global/?$|https://ccinternationalonline.com/| [R=302, L]|
 2024 Catalog Redirects|^(?i)echoincelebration/?$|https://classicalconversationsbooks.com/products/sc058| [R=302, L]|
 2024 Catalog Redirects|^(?i)timely/?$|https://vimeo.com/648617431/700fed3474?share=copy| [R=302, L]|
 2024 Catalog Redirects|^(?i)timeless/?$|https://vimeo.com/455974589/2c43ecaa66| [R=302, L]|
 2024 Catalog Redirects|^(?i)corevalues/?$|https://classicalconversations.com/about/#values| [R=302, L]|
 2024 Catalog Redirects|^(?i)differentneeds/?$|https://vimeo.com/455974412/39936f2dad| [R=302, L]|
 2024 Catalog Redirects|^(?i)assessment/?$|https://classicalconversations.com/assessment-options/| [R=302, L]|
 2024 Catalog Redirects|^(?i)scopeandsequence/?$|https://vimeo.com/845301556?share=copy| [R=302, L]|
 2024 Catalog Redirects|^(?i)services/?$|https://classicalconversations.com/relationships/| [R=302, L]|
 2024 Catalog Redirects|^(?i)beginning/?$|https://classicalconversations.com/start-here/| [R=302, L]|
 2024 Catalog Redirects|^(?i)newbeginnings/?$|https://vimeo.com/845301685?share=copy| [R=302, L]|
 2024 Catalog Redirects|^(?i)membership/?$|https://classicalconversations.com/blog/how-to-get-the-most-out-of-cc-connected/| [R=302, L]|
 2024 Catalog Redirects|^(?i)fieldtrips/?$|https://info.classicalconversations.com/ccconnected-e-zine| [R=302, L]|
 2024 Catalog Redirects|^(?i)facesofhistory/?$|https://classicalconversations.com/blog/faces-of-history/| [R=302, L]|
 2024 Catalog Redirects|^(?i)sciencefair/?$|https://classicalconversations.com/blog/challenge-a-science-fair/| [R=302, L]|
 2024 Catalog Redirects|^(?i)mocktrial/?$|https://classicalconversations.com/blog/i-survived-mock-trial/| [R=302, L]|
 2024 Catalog Redirects|^(?i)debate/?$|https://classicalconversations.com/blog/challenge-i-debates/| [R=302, L]|
 2024 Catalog Redirects|^(?i)poetrycafe/?$|https://classicalconversations.com/blog/poetry-cafe/| [R=302, L]|
 2024 Catalog Redirects|^(?i)seniorthesis/?$|https://classicalconversations.com/blog/why-the-senior-thesis/| [R=302, L]|
 2024 Catalog Redirects|^(?i)nationalevents/?$|https://classicalconversations.com/conventions/| [R=302, L]|
 2024 Catalog Redirects|^(?i)degrees/?$|https://classicalconversationsplus.com/undergraduate-programs/| [R=302, L]|
 Convention redirect for Paideia NW 2023|^(?i)pnw/?$|https://info.classicalconversations.com/paideianw2023| [R=302, L]|
 2024 Catalog Redirect|^(?i)search-scribblers/?$|https://info.classicalconversations.com/search-scribblers| [R=302, L]|
 Convention Landing Page Redirect to Shortened URL for Freedom 2024|^(?i)freedom2024/?$|https://info.classicalconversations.com/freedom2024| [R=302, L]|
 Convention Landing Page Redirect to Shortened URL for hslda convention|^(?i)hslda-cc/?$|https://info.classicalconversations.com/hslda-cc| [R=302, L]|
 Convention Landing Page Redirect to Shortened URL for Founders Conference|^(?i)founders2024/?$|https://info.classicalconversations.com/founders2024| [R=302, L]|
 Convention Landing Page Redirect to Shortened URL for GraceFest Convention|^(?i)grace2023/?$|https://info.classicalconversations.com/grace2023| [R=302, L]|
 Museum of the Bible Lead generating Landing page redirect|^(?i)motb-cc/?$|https://info.classicalconversations.com/motb-cc| [R=302, L]|
 Widen Ringtone instructions redirect|^(?i)ringtone/?$|https://classicalconversations.widen.net/s/kmsxc9xlq2/cc-ringtone-instructions| [R=302, L]|
 National Events Page Marketbal redirect|^(?i)new/?$|https://classicalconversationsfoundation.org/classical-conversations-national-events-weekend/| [R=302, L]|
 article and all trailing blog title info will now go to blog and keep the same trailing blog info. |^(?i)article/(.*)$|/blog/$1| [R=302, L]|
 2024 Catalog: |^(?i)partnership/?$|/blog/partnership-parent-student-and-tutor/| [R=302, L]|
 2024 Catalog: |^(?i)tmm/?$|https://themathmap.com/| [R=302, L]|
 2024 Catalog: |^(?i)nationalconference/?$|https://classicalconversationsfoundation.org/classical-conversations-national-events-weekend/| [R=302, L]|
 Mireacle Movie redirect: |^(?i)miraclemovie/?$|https://info.classicalconversations.com/miraclemovie| [R=302, L]|
No description|^(?i)capitol-days/?$|https://info.classicalconversations.com/capitol-days| [R=302, L]|
 Friendly urls|^(?i)sr/?$|https://info.classicalconversations.com/support_representative| [R=302, L]|
 Friendly urls|^(?i)pss/?$|https://info.classicalconversations.com/product-sales-specialist| [R=302, L]|
 North Idaho Convention 2024|^(?i)idhc2024/?$|https://info.classicalconversations.com/northidahohomeschoolconvention| [R=302, L]|
 Hispanic Homeschool Conference 2024|^(?i)hh2024/?$|https://info.classicalconversations.com/hh2024| [R=302, L]|
 El Paso Homeschool Association 2024|^(?i)elpaso/?$|https://info.classicalconversations.com/elpaso2024| [R=302, L]|
 North Dakota Homeschool Convention 2024:|^(?i)ndhs2024/?$|https://info.classicalconversations.com/ndhs2024| [R=302, L]|
 El Paso Homeschool Association 2024|^(?i)elpaso2024/?$|https://info.classicalconversations.com/elpaso2024| [R=302, L]|
 Homeschool Basketball Nationals Program 2024|^(?i)hbn2024/?$|https://info.classicalconversations.com/hbn2024| [R=302, L]|
 West Virginia Homeschool Convention 2024|^(?i)wvhc2024/?$|https://info.classicalconversations.com/wvhomeschoolconvention2024| [R=302, L]|
 Teaching the Children Convention 2024|^(?i)ttc2024/?$|https://info.classicalconversations.com/teachingthechildren2024| [R=302, L]|
 Teaching the Children Convention 2024|^(?i)ch24/?$|https://info.classicalconversations.com/christianheritage| [R=302, L]|
 Teach Them Diligently|^(?i)ttd/?$|https://info.classicalconversations.com/ttd| [R=302, L]|
 HEAV|^(?i)heav/?$|https://info.classicalconversations.com/heav| [R=302, L]|
Tier 2, 3, and 4 events: |^(?i)event24/?$|https://info.classicalconversations.com/event24| [R=302, L]|
Fight Laugh Feast Convention program ad: |^(?i)flf2024/?$|https://info.classicalconversations.com/flf2024| [R=302, L]|
CHEA Convention 2024: |^(?i)chea/?$|https://info.classicalconversations.com/chea| [R=302, L]|
HOME Maine Convention 2024: |^(?i)home2024/?$|https://info.classicalconversations.com/home2024| [R=302, L]|
Mache Convention 2024: |^(?i)mache/?$|https://info.classicalconversations.com/mache| [R=302, L]|
MassHOPE Convention 2024:|^(?i)masshope/?$|https://info.classicalconversations.com/masshope| [R=302, L]|
 Landing Page Filter it through a brain cell|^(?i)filterit/?$|https://info.classicalconversations.com/filterit| [R=302, L]|
 Redirect Landing Page - Public School Exit|^(?i)publicschoolexit/?$|https://info.classicalconversations.com/publicschoolexit| [R=302, L]|
No description|^(?i)worldwatch/?$|https://info.classicalconversations.com/worldwatch| [R=302, L]|
 The Players League|^(?i)baseball/?$|https://info.classicalconversations.com/baseball| [R=302, L]|
 Trail Life Benefits|^(?i)traillife/?$|https://info.classicalconversations.com/traillife| [R=302, L]|
 MomCon Event|^(?i)mom/?$|https://info.classicalconversations.com/mom| [R=302, L]|
 TGCW Event|^(?i)tgcw/?$|https://info.classicalconversations.com/tgcw| [R=302, L]|
 Ocean Convention 2024|^(?i)ocean2024/?$|https://info.classicalconversations.com/ocean2024| [R=302, L]|
 Hills Convention 2024|^(?i)hills/?$|https://info.classicalconversations.com/hills| [R=302, L]|
 Carole Touard (SM) Yearbook 2024 ad|^(?i)yearbook/?$|https://info.classicalconversations.com/yearbook| [R=302, L]|
 Redirect request for CC Pastor Page|^(?i)educationasworship/?$|https://info.classicalconversations.com/churchesandpastorappreciation| [R=302, L]|
 CFHE 2024 Convention|^(?i)cfhe/?$|https://info.classicalconversations.com/cfhe| [R=302, L]|
 CGN Conference Landing Page|^(?i)cgn/?$|https://info.classicalconversations.com/cgn| [R=302, L]|
 THRIVE NC Convention |^(?i)thrivenc/?$|https://info.classicalconversations.com/thrivenche| [R=302, L]|
 Northern California Homeschool Convention 2024|^(?i)nchc/?$|https://info.classicalconversations.com/nchc| [R=302, L]|
Heav Convention 2024|^(?i)heav2024/?$|https://info.classicalconversations.com/heav2024| [R=302, L]|
 The Old Schoolhouse Promotion|^(?i)tos/?$|https://info.classicalconversations.com/tos| [R=302, L]|
 Gutenburg Education Convention|^(?i)gec/?$|https://info.classicalconversations.com/gec| [R=302, L]|
 Compelled Podcast Show|^(?i)compelled/?$|https://info.classicalconversations.com/compelled| [R=302, L]|
 2025 Catalog Search TMM Contest Page|^(?i)search-tmm/?$|https://info.classicalconversations.com/search-tmm| [R=302, L]|
 Liberty Sentinel Media|^(?i)lsm/?$|https://info.classicalconversations.com/lsm| [R=302, L]|
 Bookstore Redirect|^(?i)bookstore/?$|https://classicalconversationsbooks.com/| [R=302, L]|
 Bookstore Redirect|^(?i)books/?$|https://classicalconversationsbooks.com/| [R=302, L]|
 North Central Redirect|^(?i)northcentral/?$|https://info.classicalconversations.com/northcentral| [R=302, L]|
 Celebrate Together Redirect|^(?i)celebrate-together/?$|https://forms.office.com/r/wCFhfwhjUr| [R=302, L]|
 State Abbreviations to corresponding Hubspot Landing Page|^(?i)al/?$|https://info.classicalconversations.com/alabama| [R=302, L]|
 State Abbreviations to corresponding Hubspot Landing Page|^(?i)ak/?$|https://info.classicalconversations.com/alaska| [R=302, L]|
 State Abbreviations to corresponding Hubspot Landing Page|^(?i)az/?$|https://info.classicalconversations.com/arizona| [R=302, L]|
 State Abbreviations to corresponding Hubspot Landing Page|^(?i)ar/?$|https://info.classicalconversations.com/arkansas| [R=302, L]|
 State Abbreviations to corresponding Hubspot Landing Page|^(?i)ca/?$|https://info.classicalconversations.com/california| [R=302, L]|
 State Abbreviations to corresponding Hubspot Landing Page|^(?i)co/?$|https://info.classicalconversations.com/colorado| [R=302, L]|
 State Abbreviations to corresponding Hubspot Landing Page|^(?i)ct/?$|https://info.classicalconversations.com/connecticut| [R=302, L]|
 State Abbreviations to corresponding Hubspot Landing Page|^(?i)de/?$|https://info.classicalconversations.com/delaware| [R=302, L]|
 State Abbreviations to corresponding Hubspot Landing Page|^(?i)fl/?$|https://info.classicalconversations.com/florida| [R=302, L]|
 State Abbreviations to corresponding Hubspot Landing Page|^(?i)ga/?$|https://info.classicalconversations.com/georgia| [R=302, L]|
 State Abbreviations to corresponding Hubspot Landing Page|^(?i)hi/?$|https://info.classicalconversations.com/hawaii| [R=302, L]|
 State Abbreviations to corresponding Hubspot Landing Page|^(?i)id/?$|https://info.classicalconversations.com/idaho| [R=302, L]|
 State Abbreviations to corresponding Hubspot Landing Page|^(?i)il/?$|https://info.classicalconversations.com/illinois| [R=302, L]|
 State Abbreviations to corresponding Hubspot Landing Page|^(?i)in/?$|https://info.classicalconversations.com/indiana| [R=302, L]|
 State Abbreviations to corresponding Hubspot Landing Page|^(?i)ia/?$|https://info.classicalconversations.com/iowa| [R=302, L]|
 State Abbreviations to corresponding Hubspot Landing Page|^(?i)ks/?$|https://info.classicalconversations.com/kansas| [R=302, L]|
 State Abbreviations to corresponding Hubspot Landing Page|^(?i)ky/?$|https://info.classicalconversations.com/kentucky| [R=302, L]|
 State Abbreviations to corresponding Hubspot Landing Page|^(?i)la/?$|https://info.classicalconversations.com/louisiana| [R=302, L]|
 State Abbreviations to corresponding Hubspot Landing Page|^(?i)me/?$|https://info.classicalconversations.com/maine| [R=302, L]|
 State Abbreviations to corresponding Hubspot Landing Page|^(?i)md/?$|https://info.classicalconversations.com/maryland| [R=302, L]|
 State Abbreviations to corresponding Hubspot Landing Page|^(?i)ma/?$|https://info.classicalconversations.com/massachusetts| [R=302, L]|
 State Abbreviations to corresponding Hubspot Landing Page|^(?i)mi/?$|https://info.classicalconversations.com/michigan| [R=302, L]|
 State Abbreviations to corresponding Hubspot Landing Page|^(?i)mn/?$|https://info.classicalconversations.com/minnesota| [R=302, L]|
 State Abbreviations to corresponding Hubspot Landing Page|^(?i)ms/?$|https://info.classicalconversations.com/mississippi| [R=302, L]|
 State Abbreviations to corresponding Hubspot Landing Page|^(?i)mo/?$|https://info.classicalconversations.com/missouri| [R=302, L]|
 State Abbreviations to corresponding Hubspot Landing Page|^(?i)mt/?$|https://info.classicalconversations.com/montana| [R=302, L]|
 State Abbreviations to corresponding Hubspot Landing Page|^(?i)ne/?$|https://info.classicalconversations.com/nebraska| [R=302, L]|
 State Abbreviations to corresponding Hubspot Landing Page|^(?i)nv/?$|https://info.classicalconversations.com/nevada| [R=302, L]|
 State Abbreviations to corresponding Hubspot Landing Page|^(?i)nh/?$|https://info.classicalconversations.com/newhampshire| [R=302, L]|
 State Abbreviations to corresponding Hubspot Landing Page|^(?i)nj/?$|https://info.classicalconversations.com/newjersey| [R=302, L]|
 State Abbreviations to corresponding Hubspot Landing Page|^(?i)nm/?$|https://info.classicalconversations.com/newmexico| [R=302, L]|
 State Abbreviations to corresponding Hubspot Landing Page|^(?i)ny/?$|https://info.classicalconversations.com/newyork| [R=302, L]|
 State Abbreviations to corresponding Hubspot Landing Page|^(?i)nc/?$|https://info.classicalconversations.com/northcarolina| [R=302, L]|
 State Abbreviations to corresponding Hubspot Landing Page|^(?i)nd/?$|https://info.classicalconversations.com/northdakota| [R=302, L]|
 State Abbreviations to corresponding Hubspot Landing Page|^(?i)oh/?$|https://info.classicalconversations.com/ohio| [R=302, L]|
 State Abbreviations to corresponding Hubspot Landing Page|^(?i)ok/?$|https://info.classicalconversations.com/oklahoma| [R=302, L]|
 State Abbreviations to corresponding Hubspot Landing Page|^(?i)or/?$|https://info.classicalconversations.com/oregon| [R=302, L]|
 State Abbreviations to corresponding Hubspot Landing Page|^(?i)pa/?$|https://info.classicalconversations.com/pennsylvania| [R=302, L]|
 State Abbreviations to corresponding Hubspot Landing Page|^(?i)ri/?$|https://info.classicalconversations.com/rhodeisland| [R=302, L]|
 State Abbreviations to corresponding Hubspot Landing Page|^(?i)sc/?$|https://info.classicalconversations.com/southcarolina| [R=302, L]|
 State Abbreviations to corresponding Hubspot Landing Page|^(?i)sd/?$|https://info.classicalconversations.com/southdakota| [R=302, L]|
 State Abbreviations to corresponding Hubspot Landing Page|^(?i)tn/?$|https://info.classicalconversations.com/tennessee| [R=302, L]|
 State Abbreviations to corresponding Hubspot Landing Page|^(?i)tx/?$|https://info.classicalconversations.com/texas| [R=302, L]|
 State Abbreviations to corresponding Hubspot Landing Page|^(?i)ut/?$|https://info.classicalconversations.com/utah| [R=302, L]|
 State Abbreviations to corresponding Hubspot Landing Page|^(?i)vt/?$|https://info.classicalconversations.com/vermont| [R=302, L]|
 State Abbreviations to corresponding Hubspot Landing Page|^(?i)va/?$|https://info.classicalconversations.com/virginia| [R=302, L]|
 State Abbreviations to corresponding Hubspot Landing Page|^(?i)wa/?$|https://info.classicalconversations.com/washington| [R=302, L]|
 State Abbreviations to corresponding Hubspot Landing Page|^(?i)dc/?$|https://info.classicalconversations.com/washingtondc| [R=302, L]|
 State Abbreviations to corresponding Hubspot Landing Page|^(?i)wv/?$|https://info.classicalconversations.com/westvirginia| [R=302, L]|
 State Abbreviations to corresponding Hubspot Landing Page|^(?i)wi/?$|https://info.classicalconversations.com/wisconsin| [R=302, L]|
 State Abbreviations to corresponding Hubspot Landing Page|^(?i)wy/?$|https://info.classicalconversations.com/wyoming| [R=302, L]|
 State Abbreviations to corresponding Hubspot Landing Page|^(?i)northwest/?$|https://info.classicalconversations.com/northwest| [R=302, L]|
 State Abbreviations to corresponding Hubspot Landing Page|^(?i)pacwest/?$|https://info.classicalconversations.com/pacwest| [R=302, L]|
 Redirect for Alliance|^(?i)alliance/?$|https://info.classicalconversations.com/alliance| [R=302, L]|
No description|^(?i)sunbelt/?$|https://info.classicalconversations.com/sunbelt| [R=302, L]|
 Redirect for counteract landing page|^(?i)counteract/?$|https://info.classicalconversations.com/counteract| [R=302, L]|
 Redirect for teenpact landing page|^(?i)teenpact/?$|https://info.classicalconversations.com/teenpact| [R=302, L]|
LHC and SL Redirect to landing pages|^(?i)LHC/?$|https://info.classicalconversations.com/LHC| [R=302, L]|
LHC and SL Redirect to landing pages|^(?i)SL/?$|https://info.classicalconversations.com/SL| [R=302, L]|
 Iowa Informed Choices Landing Page|^(?i)iowainformedchoices/?$|https://info.classicalconversations.com/IowaInformedChoices| [R=302, L]|
 Educational Freedom to Educational Independence|^(?i)educational-freedom/?$|/education-independence| [R=302, L]|
 Catalog Redirects: |^(?i)dads/?$|/dad| [R=302, L]|
 Catalog Redirects: |^(?i)trivium/?$|https://classicalconversations.com/blog/tools-of-learning-classical-education/| [R=302, L]|
 Catalog Redirects: |^(?i)ccjourney/?$|https://info.classicalconversations.com/cc-main-landing-page| [R=302, L]|
 Catalog Redirects: |^(?i)intro/?$|https://info.classicalconversations.com/cc-main-landing-page| [R=302, L]|
 Catalog Redirects: |^(?i)window/?$|https://classicalconversations.com/blog/challenge-program-guide/| [R=302, L]|
 Catalog Redirects: |^(?i)pedagogy/?$|https://classicalconversations.com/blog/catechesis-wheel| [R=302, L]|
 Catalog Redirects: |^(?i)future/?$|https://classicalconversations.com/challenge-and-beyond/||
 Catalog Redirects: |^(?i)eie/?$|https://classicalconversations.com/blog/excellence-in-education/| [R=302, L]|
 Catalog Redirects: |^(?i)catechesiswheel/?$|https://classicalconversations.com/blog/catechesis-wheel| [R=302, L]|
 Catalog Redirects: |^(?i)webelieve/?$|https://classicalconversations.com/about/| [R=302, L]|
 In person redirect|^(?i)inperson/?$|https://info.classicalconversations.com/inperson| [R=302, L]|
 Commencement/Catalog Redirects 2025:|^(?i)commencement/?$|https://classicalconversationsfoundation.org/national-commencement-2025/| [R=302, L]|
 Commencement/Catalog Redirects 2025:|^(?i)cruise/?$|https://info.classicalconversations.com/cruise-2025| [R=302, L]|
 Old Comparison Pages:|^(?i)apologia-online-learning-live-online-classes/?$|/apologia-online-learning/| [R=302, L]|
 Old Comparison Pages:|^(?i)apologia-online-learning-self-paced-digital-curriculum/?$|/apologia-online-learning/| [R=302, L]|
 Old Comparison Pages:|^(?i)apologia-online-learning-video-on-demand-classes/?$|/apologia-online-learning/| [R=302, L]|
 Old Comparison Pages:|^(?i)bju-press-homeschool-the-academy-of-home-education/?$|/bju-press/| [R=302, L]|
 Old Comparison Pages:|^(?i)bju-press-homeschool-hub/?$|/bju-press/| [R=302, L]|
 Old Comparison Pages:|^(?i)memoria-press-classical-core-curriculum/?$|/memoria-press/| [R=302, L]|
 Old Comparison Pages:|^(?i)memoria-press-diploma-program/?$|/memoria-press/| [R=302, L]|
 Old Comparison Pages:|^(?i)memoria-press-online-academy/?$|/memoria-press/| [R=302, L]|
 Old Comparison Pages:|^(?i)veritas-press-live-online-courses/?$|/veritas-press/| [R=302, L]|
 Old Comparison Pages:|^(?i)veritas-press-self-paced-courses/?$|/veritas-press/| [R=302, L]|
 Old Comparison Pages:|^(?i)well-trained-mind-academy/?$|/well-trained-mind-press/| [R=302, L]|
No description|^(?i)educational-independence/?$|/education-independence/| [R=302, L]|
 Reasoning Landing Page|^(?i)reasoning/?$|https://info.classicalconversations.com/reasoning| [R=302, L]|
 PFA Landing Page|^(?i)pfa/?$|https://info.classicalconversations.com/PFA| [R=302, L]|
 programs/future redirect for 2025 catalog|^(?i)programs/future/?$|/challenge-and-beyond/| [R=302, L]|
 articles to catalog articles, 2025 catalog redirect|^(?i)articles/?$|/catalog-articles/| [R=302, L]|
 articles to catalog articles, 2025 catalog redirect|^(?i)article/?$|/blog/| [R=302, L]|
